id,name_cn,name_jp,name_en,type1,type2
#0001,妙蛙種子,フシギダネ,Bulbasaur,草,毒
#0002,妙蛙草,フシギソウ,Ivysaur,草,毒
#0003,妙蛙花,フシギバナ,Venusaur,草,毒
#0004,小火龍,ヒトカゲ,Charmander,火,
#0005,火恐龍,リザード,Charmeleon,火,
#0006,噴火龍,リザードン,Charizard,火,飛行
#0007,傑尼龜,ゼニガメ,Squirtle,水,
#0008,卡咪龜,カメール,Wartortle,水,
#0009,水箭龜,カメックス,Blastoise,水,
#0010,綠毛蟲,キャタピー,Caterpie,蟲,
#0011,鐵甲蛹,トランセル,Metapod,蟲,
#0012,巴大蝶,バタフリー,Butterfree,蟲,飛行
#0013,獨角蟲,ビードル,Weedle,蟲,毒
#0014,鐵殼蛹,コクーン,Kakuna,蟲,毒
#0015,大針蜂,スピアー,Beedrill,蟲,毒
#0016,波波,ポッポ,Pidgey,一般,飛行
#0017,比比鳥,ピジョン,Pidgeotto,一般,飛行
#0018,大比鳥,ピジョット,Pidgeot,一般,飛行
#0019,小拉達,コラッタ,Rattata,一般,
#0020,拉達,ラッタ,Raticate,一般,
#0021,烈雀,オニスズメ,Spearow,一般,飛行
#0022,大嘴雀,オニドリル,Fearow,一般,飛行
#0023,阿柏蛇,アーボ,Ekans,毒,
#0024,阿柏怪,アーボック,Arbok,毒,
#0025,皮卡丘,ピカチュウ,Pikachu,電,
#0026,雷丘,ライチュウ,Raichu,電,
#0027,穿山鼠,サンド,Sandshrew,地面,
#0028,穿山王,サンドパン,Sandslash,地面,
#0029,尼多蘭,ニドラン♀,Nidoran♀,毒,
#0030,尼多娜,ニドリーナ,Nidorina,毒,
#0031,尼多后,ニドクイン,Nidoqueen,毒,地面
#0032,尼多朗,ニドラン♂,Nidoran♂,毒,
#0033,尼多力諾,ニドリーノ,Nidorino,毒,
#0034,尼多王,ニドキング,Nidoking,毒,地面
#0035,皮皮,ピッピ,Clefairy,妖精,
#0036,皮可西,ピクシー,Clefable,妖精,
#0037,六尾,ロコン,Vulpix,火,
#0038,九尾,キュウコン,Ninetales,火,
#0039,胖丁,プリン,Jigglypuff,一般,妖精
#0040,胖可丁,プクリン,Wigglytuff,一般,妖精
#0041,超音蝠,ズバット,Zubat,毒,飛行
#0042,大嘴蝠,ゴルバット,Golbat,毒,飛行
#0043,走路草,ナゾノクサ,Oddish,草,毒
#0044,臭臭花,クサイハナ,Gloom,草,毒
#0045,霸王花,ラフレシア,Vileplume,草,毒
#0046,派拉斯,パラス,Paras,蟲,草
#0047,派拉斯特,パラセクト,Parasect,蟲,草
#0048,毛球,コンパン,Venonat,蟲,毒
#0049,摩魯蛾,モルフォン,Venomoth,蟲,毒
#0050,地鼠,ディグダ,Diglett,地面,
#0051,三地鼠,ダグトリオ,Dugtrio,地面,
#0052,喵喵,ニャース,Meowth,一般,
#0053,貓老大,ペルシアン,Persian,一般,
#0054,可達鴨,コダック,Psyduck,水,
#0055,哥達鴨,ゴルダック,Golduck,水,
#0056,猴怪,マンキー,Mankey,格鬥,
#0057,火爆猴,オコリザル,Primeape,格鬥,
#0058,卡蒂狗,ガーディ,Growlithe,火,
#0059,風速狗,ウインディ,Arcanine,火,
#0060,蚊香蝌蚪,ニョロモ,Poliwag,水,
#0061,蚊香君,ニョロゾ,Poliwhirl,水,
#0062,蚊香泳士,ニョロボン,Poliwrath,水,格鬥
#0063,凱西,ケーシィ,Abra,超能力,
#0064,勇基拉,ユンゲラー,Kadabra,超能力,
#0065,胡地,フーディン,Alakazam,超能力,
#0066,腕力,ワンリキー,Machop,格鬥,
#0067,豪力,ゴーリキー,Machoke,格鬥,
#0068,怪力,カイリキー,Machamp,格鬥,
#0069,喇叭芽,マダツボミ,Bellsprout,草,毒
#0070,口呆花,ウツドン,Weepinbell,草,毒
#0071,大食花,ウツボット,Victreebel,草,毒
#0072,瑪瑙水母,メノクラゲ,Tentacool,水,毒
#0073,毒刺水母,ドククラゲ,Tentacruel,水,毒
#0074,小拳石,イシツブテ,Geodude,岩石,地面
#0075,隆隆石,ゴローン,Graveler,岩石,地面
#0076,隆隆岩,ゴローニャ,Golem,岩石,地面
#0077,小火馬,ポニータ,Ponyta,火,
#0078,烈焰馬,ギャロップ,Rapidash,火,
#0079,呆呆獸,ヤドン,Slowpoke,水,超能力
#0080,呆殼獸,ヤドラン,Slowbro,水,超能力
#0081,小磁怪,コイル,Magnemite,電,鋼
#0082,三合一磁怪,レアコイル,Magneton,電,鋼
#0083,大蔥鴨,カモネギ,Farfetch'd,一般,飛行
#0084,嘟嘟,ドードー,Doduo,一般,飛行
#0085,嘟嘟利,ドードリオ,Dodrio,一般,飛行
#0086,小海獅,パウワウ,Seel,水,
#0087,白海獅,ジュゴン,Dewgong,水,冰
#0088,臭泥,ベトベター,Grimer,毒,
#0089,臭臭泥,ベトベトン,Muk,毒,
#0090,大舌貝,シェルダー,Shellder,水,
#0091,刺甲貝,パルシェン,Cloyster,水,冰
#0092,鬼斯,ゴース,Gastly,幽靈,毒
#0093,鬼斯通,ゴースト,Haunter,幽靈,毒
#0094,耿鬼,ゲンガー,Gengar,幽靈,毒
#0095,大岩蛇,イワーク,Onix,岩石,地面
#0096,催眠貘,スリープ,Drowzee,超能力,
#0097,引夢貘人,スリーパー,Hypno,超能力,
#0098,大鉗蟹,クラブ,Krabby,水,
#0099,巨鉗蟹,キングラー,Kingler,水,
#0100,霹靂電球,ビリリダマ,Voltorb,電,
#0101,頑皮雷彈,マルマイン,Electrode,電,
#0102,蛋蛋,タマタマ,Exeggcute,草,超能力
#0103,椰蛋樹,ナッシー,Exeggutor,草,超能力
#0104,卡拉卡拉,カラカラ,Cubone,地面,
#0105,嘎啦嘎啦,ガラガラ,Marowak,地面,
#0106,飛腿郎,サワムラー,Hitmonlee,格鬥,
#0107,快拳郎,エビワラー,Hitmonchan,格鬥,
#0108,大舌頭,ベロリンガ,Lickitung,一般,
#0109,瓦斯彈,ドガース,Koffing,毒,
#0110,雙彈瓦斯,マタドガス,Weezing,毒,
#0111,獨角犀牛,サイホーン,Rhyhorn,地面,岩石
#0112,鑽角犀獸,サイドン,Rhydon,地面,岩石
#0113,吉利蛋,ラッキー,Chansey,一般,
#0114,蔓藤怪,モンジャラ,Tangela,草,
#0115,袋獸,ガルーラ,Kangaskhan,一般,
#0116,墨海馬,タッツー,Horsea,水,
#0117,海刺龍,シードラ,Seadra,水,
#0118,角金魚,トサキント,Goldeen,水,
#0119,金魚王,アズマオウ,Seaking,水,
#0120,海星星,ヒトデマン,Staryu,水,
#0121,寶石海星,スターミー,Starmie,水,超能力
#0122,魔牆人偶,バリヤード,Mr. Mime,超能力,妖精
#0123,飛天螳螂,ストライク,Scyther,蟲,飛行
#0124,迷唇姐,ルージュラ,Jynx,冰,超能力
#0125,電擊獸,エレブー,Electabuzz,電,
#0126,鴨嘴火獸,ブーバー,Magmar,火,
#0127,凱羅斯,カイロス,Pinsir,蟲,
#0128,肯泰羅,ケンタロス,Tauros,一般,
#0129,鯉魚王,コイキング,Magikarp,水,
#0130,暴鯉龍,ギャラドス,Gyarados,水,飛行
#0131,拉普拉斯,ラプラス,Lapras,水,冰
#0132,百變怪,メタモン,Ditto,一般,
#0133,伊布,イーブイ,Eevee,一般,
#0134,水伊布,シャワーズ,Vaporeon,水,
#0135,雷伊布,サンダース,Jolteon,電,
#0136,火伊布,ブースター,Flareon,火,
#0137,多邊獸,ポリゴン,Porygon,一般,
#0138,菊石獸,オムナイト,Omanyte,岩石,水
#0139,多刺菊石獸,オムスター,Omastar,岩石,水
#0140,化石盔,カブト,Kabuto,岩石,水
#0141,鐮刀盔,カブトプス,Kabutops,岩石,水
#0142,化石翼龍,プテラ,Aerodactyl,岩石,飛行
#0143,卡比獸,カビゴン,Snorlax,一般,
#0144,急凍鳥,フリーザー,Articuno,冰,飛行
#0145,閃電鳥,サンダー,Zapdos,電,飛行
#0146,火焰鳥,ファイヤー,Moltres,火,飛行
#0147,迷你龍,ミニリュウ,Dratini,龍,
#0148,哈克龍,ハクリュー,Dragonair,龍,
#0149,快龍,カイリュー,Dragonite,龍,飛行
#0150,超夢,ミュウツー,Mewtwo,超能力,
#0151,夢幻,ミュウ,Mew,超能力,
#0152,菊草葉,チコリータ,Chikorita,草,
#0153,月桂葉,ベイリーフ,Bayleef,草,
#0154,大竺葵,メガニウム,Meganium,草,
#0155,火球鼠,ヒノアラシ,Cyndaquil,火,
#0156,火岩鼠,マグマラシ,Quilava,火,
#0157,火爆獸,バクフーン,Typhlosion,火,
#0158,小鋸鱷,ワニノコ,Totodile,水,
#0159,藍鱷,アリゲイツ,Croconaw,水,
#0160,大力鱷,オーダイル,Feraligatr,水,
#0161,尾立,オタチ,Sentret,一般,
#0162,大尾立,オオタチ,Furret,一般,
#0163,咕咕,ホーホー,Hoothoot,一般,飛行
#0164,貓頭夜鷹,ヨルノズク,Noctowl,一般,飛行
#0165,芭瓢蟲,レディバ,Ledyba,蟲,飛行
#0166,安瓢蟲,レディアン,Ledian,蟲,飛行
#0167,圓絲蛛,イトマル,Spinarak,蟲,毒
#0168,阿利多斯,アリアドス,Ariados,蟲,毒
#0169,叉字蝠,クロバット,Crobat,毒,飛行
#0170,燈籠魚,チョンチー,Chinchou,水,電
#0171,電燈怪,ランターン,Lanturn,水,電
#0172,皮丘,ピチュー,Pichu,電,
#0173,皮寶寶,ピィ,Cleffa,妖精,
#0174,寶寶丁,ププリン,Igglybuff,一般,妖精
#0175,波克比,トゲピー,Togepi,妖精,
#0176,波克基古,トゲチック,Togetic,妖精,飛行
#0177,天然雀,ネイティ,Natu,超能力,飛行
#0178,天然鳥,ネイティオ,Xatu,超能力,飛行
#0179,咩利羊,メリープ,Mareep,電,
#0180,茸茸羊,モココ,Flaaffy,電,
#0181,電龍,デンリュウ,Ampharos,電,
#0182,美麗花,キレイハナ,Bellossom,草,
#0183,瑪力露,マリル,Marill,水,妖精
#0184,瑪力露麗,マリルリ,Azumarill,水,妖精
#0185,樹才怪,ウソッキー,Sudowoodo,岩石,
#0186,蚊香蛙皇,ニョロトノ,Politoed,水,
#0187,毽子草,ハネッコ,Hoppip,草,飛行
#0188,毽子花,ポポッコ,Skiploom,草,飛行
#0189,毽子棉,ワタッコ,Jumpluff,草,飛行
#0190,長尾怪手,エイパム,Aipom,一般,
#0191,向日種子,ヒマナッツ,Sunkern,草,
#0192,向日花怪,キマワリ,Sunflora,草,
#0193,蜻蜻蜓,ヤンヤンマ,Yanma,蟲,飛行
#0194,烏波,ウパー,Wooper,水,地面
#0195,沼王,ヌオー,Quagsire,水,地面
#0196,太陽伊布,エーフィ,Espeon,超能力,
#0197,月亮伊布,ブラッキー,Umbreon,惡,
#0198,黑暗鴉,ヤミカラス,Murkrow,惡,飛行
#0199,呆呆王,ヤドキング,Slowking,水,超能力
#0200,夢妖,ムウマ,Misdreavus,幽靈,
#0201,未知圖騰,アンノーン,Unown,超能力,
#0202,果然翁,ソーナンス,Wobbuffet,超能力,
#0203,麒麟奇,キリンリキ,Girafarig,一般,超能力
#0204,榛果球,クヌギダマ,Pineco,蟲,
#0205,佛烈托斯,フォレトス,Forretress,蟲,鋼
#0206,土龍弟弟,ノコッチ,Dunsparce,一般,
#0207,天蠍,グライガー,Gligar,地面,飛行
#0208,大鋼蛇,ハガネール,Steelix,鋼,地面
#0209,布魯,ブルー,Snubbull,妖精,
#0210,布魯皇,グランブル,Granbull,妖精,
#0211,千針魚,ハリーセン,Qwilfish,水,毒
#0212,巨鉗螳螂,ハッサム,Scizor,蟲,鋼
#0213,壺壺,ツボツボ,Shuckle,蟲,岩石
#0214,赫拉克羅斯,ヘラクロス,Heracross,蟲,格鬥
#0215,狃拉,ニューラ,Sneasel,惡,冰
#0216,熊寶寶,ヒメグマ,Teddiursa,一般,
#0217,圈圈熊,リングマ,Ursaring,一般,
#0218,熔岩蟲,マグマッグ,Slugma,火,
#0219,熔岩蝸牛,マグカルゴ,Magcargo,火,岩石
#0220,小山豬,ウリムー,Swinub,冰,地面
#0221,長毛豬,イノムー,Piloswine,冰,地面
#0222,太陽珊瑚,サニーゴ,Corsola,水,岩石
#0223,鐵炮魚,テッポウオ,Remoraid,水,
#0224,章魚桶,オクタン,Octillery,水,
#0225,信使鳥,デリバード,Delibird,冰,飛行
#0226,巨翅飛魚,マンタイン,Mantine,水,飛行
#0227,盔甲鳥,エアームド,Skarmory,鋼,飛行
#0228,戴魯比,デルビル,Houndour,惡,火
#0229,黑魯加,ヘルガー,Houndoom,惡,火
#0230,刺龍王,キングドラ,Kingdra,水,龍
#0231,小小象,ゴマゾウ,Phanpy,地面,
#0232,頓甲,ドンファン,Donphan,地面,
#0233,多邊獸Ⅱ,ポリゴン２,Porygon2,一般,
#0234,驚角鹿,オドシシ,Stantler,一般,
#0235,圖圖犬,ドーブル,Smeargle,一般,
#0236,無畏小子,バルキー,Tyrogue,格鬥,
#0237,戰舞郎,カポエラー,Hitmontop,格鬥,
#0238,迷唇娃,ムチュール,Smoochum,冰,超能力
#0239,電擊怪,エレキッド,Elekid,電,
#0240,鴨嘴寶寶,ブビィ,Magby,火,
#0241,大奶罐,ミルタンク,Miltank,一般,
#0242,幸福蛋,ハピナス,Blissey,一般,
#0243,雷公,ライコウ,Raikou,電,
#0244,炎帝,エンテイ,Entei,火,
#0245,水君,スイクン,Suicune,水,
#0246,幼基拉斯,ヨーギラス,Larvitar,岩石,地面
#0247,沙基拉斯,サナギラス,Pupitar,岩石,地面
#0248,班基拉斯,バンギラス,Tyranitar,岩石,惡
#0249,洛奇亞,ルギア,Lugia,超能力,飛行
#0250,鳳王,ホウオウ,Ho-Oh,火,飛行
#0251,時拉比,セレビィ,Celebi,超能力,草
#0252,木守宮,キモリ,Treecko,草,
#0253,森林蜥蜴,ジュプトル,Grovyle,草,
#0254,蜥蜴王,ジュカイン,Sceptile,草,
#0255,火稚雞,アチャモ,Torchic,火,
#0256,力壯雞,ワカシャモ,Combusken,火,格鬥
#0257,火焰雞,バシャーモ,Blaziken,火,格鬥
#0258,水躍魚,ミズゴロウ,Mudkip,水,
#0259,沼躍魚,ヌマクロー,Marshtomp,水,地面
#0260,巨沼怪,ラグラージ,Swampert,水,地面
#0261,土狼犬,ポチエナ,Poochyena,惡,
#0262,大狼犬,グラエナ,Mightyena,惡,
#0263,蛇紋熊,ジグザグマ,Zigzagoon,一般,
#0264,直衝熊,マッスグマ,Linoone,一般,
#0265,刺尾蟲,ケムッソ,Wurmple,蟲,
#0266,甲殼繭,カラサリス,Silcoon,蟲,
#0267,狩獵鳳蝶,アゲハント,Beautifly,蟲,飛行
#0268,盾甲繭,マユルド,Cascoon,蟲,
#0269,毒粉蛾,ドクケイル,Dustox,蟲,毒
#0270,蓮葉童子,ハスボー,Lotad,水,草
#0271,蓮帽小童,ハスブレロ,Lombre,水,草
#0272,樂天河童,ルンパッパ,Ludicolo,水,草
#0273,橡實果,タネボー,Seedot,草,
#0274,長鼻葉,コノハナ,Nuzleaf,草,惡
#0275,狡猾天狗,ダーテング,Shiftry,草,惡
#0276,傲骨燕,スバメ,Taillow,一般,飛行
#0277,大王燕,オオスバメ,Swellow,一般,飛行
#0278,長翅鷗,キャモメ,Wingull,水,飛行
#0279,大嘴鷗,ペリッパー,Pelipper,水,飛行
#0280,拉魯拉絲,ラルトス,Ralts,超能力,妖精
#0281,奇魯莉安,キルリア,Kirlia,超能力,妖精
#0282,沙奈朵,サーナイト,Gardevoir,超能力,妖精
#0283,溜溜糖球,アメタマ,Surskit,蟲,水
#0284,雨翅蛾,アメモース,Masquerain,蟲,飛行
#0285,蘑蘑菇,キノココ,Shroomish,草,
#0286,斗笠菇,キノガッサ,Breloom,草,格鬥
#0287,懶人獺,ナマケロ,Slakoth,一般,
#0288,過動猿,ヤルキモノ,Vigoroth,一般,
#0289,請假王,ケッキング,Slaking,一般,
#0290,土居忍士,ツチニン,Nincada,蟲,地面
#0291,鐵面忍者,テッカニン,Ninjask,蟲,飛行
#0292,脫殼忍者,ヌケニン,Shedinja,蟲,幽靈
#0293,咕妞妞,ゴニョニョ,Whismur,一般,
#0294,吼爆彈,ドゴーム,Loudred,一般,
#0295,爆音怪,バクオング,Exploud,一般,
#0296,幕下力士,マクノシタ,Makuhita,格鬥,
#0297,鐵掌力士,ハリテヤマ,Hariyama,格鬥,
#0298,露力麗,ルリリ,Azurill,一般,妖精
#0299,朝北鼻,ノズパス,Nosepass,岩石,
#0300,向尾喵,エネコ,Skitty,一般,
#0301,優雅貓,エネコロロ,Delcatty,一般,
#0302,勾魂眼,ヤミラミ,Sableye,惡,幽靈
#0303,大嘴娃,クチート,Mawile,鋼,妖精
#0304,可可多拉,ココドラ,Aron,鋼,岩石
#0305,可多拉,コドラ,Lairon,鋼,岩石
#0306,波士可多拉,ボスゴドラ,Aggron,鋼,岩石
#0307,瑪沙那,アサナン,Meditite,格鬥,超能力
#0308,恰雷姆,チャーレム,Medicham,格鬥,超能力
#0309,落雷獸,ラクライ,Electrike,電,
#0310,雷電獸,ライボルト,Manectric,電,
#0311,正電拍拍,プラスル,Plusle,電,
#0312,負電拍拍,マイナン,Minun,電,
#0313,電螢蟲,バルビート,Volbeat,蟲,
#0314,甜甜螢,イルミーゼ,Illumise,蟲,
#0315,毒薔薇,ロゼリア,Roselia,草,毒
#0316,溶食獸,ゴクリン,Gulpin,毒,
#0317,吞食獸,マルノーム,Swalot,毒,
#0318,利牙魚,キバニア,Carvanha,水,惡
#0319,巨牙鯊,サメハダー,Sharpedo,水,惡
#0320,吼吼鯨,ホエルコ,Wailmer,水,
#0321,吼鯨王,ホエルオー,Wailord,水,
#0322,呆火駝,ドンメル,Numel,火,地面
#0323,噴火駝,バクーダ,Camerupt,火,地面
#0324,煤炭龜,コータス,Torkoal,火,
#0325,跳跳豬,バネブー,Spoink,超能力,
#0326,噗噗豬,ブーピッグ,Grumpig,超能力,
#0327,晃晃斑,パッチール,Spinda,一般,
#0328,大顎蟻,ナックラー,Trapinch,地面,
#0329,超音波幼蟲,ビブラーバ,Vibrava,地面,龍
#0330,沙漠蜻蜓,フライゴン,Flygon,地面,龍
#0331,刺球仙人掌,サボネア,Cacnea,草,
#0332,夢歌仙人掌,ノクタス,Cacturne,草,惡
#0333,青綿鳥,チルット,Swablu,一般,飛行
#0334,七夕青鳥,チルタリス,Altaria,龍,飛行
#0335,貓鼬斬,ザングース,Zangoose,一般,
#0336,飯匙蛇,ハブネーク,Seviper,毒,
#0337,月石,ルナトーン,Lunatone,岩石,超能力
#0338,太陽岩,ソルロック,Solrock,岩石,超能力
#0339,泥泥鰍,ドジョッチ,Barboach,水,地面
#0340,鯰魚王,ナマズン,Whiscash,水,地面
#0341,龍蝦小兵,ヘイガニ,Corphish,水,
#0342,鐵螯龍蝦,シザリガー,Crawdaunt,水,惡
#0343,天秤偶,ヤジロン,Baltoy,地面,超能力
#0344,念力土偶,ネンドール,Claydol,地面,超能力
#0345,觸手百合,リリーラ,Lileep,岩石,草
#0346,搖籃百合,ユレイドル,Cradily,岩石,草
#0347,太古羽蟲,アノプス,Anorith,岩石,蟲
#0348,太古盔甲,アーマルド,Armaldo,岩石,蟲
#0349,醜醜魚,ヒンバス,Feebas,水,
#0350,美納斯,ミロカロス,Milotic,水,
#0351,飄浮泡泡,ポワルン,Castform,一般,
#0352,變隱龍,カクレオン,Kecleon,一般,
#0353,怨影娃娃,カゲボウズ,Shuppet,幽靈,
#0354,詛咒娃娃,ジュペッタ,Banette,幽靈,
#0355,夜巡靈,ヨマワル,Duskull,幽靈,
#0356,彷徨夜靈,サマヨール,Dusclops,幽靈,
#0357,熱帶龍,トロピウス,Tropius,草,飛行
#0358,風鈴鈴,チリーン,Chimecho,超能力,
#0359,阿勃梭魯,アブソル,Absol,惡,
#0360,小果然,ソーナノ,Wynaut,超能力,
#0361,雪童子,ユキワラシ,Snorunt,冰,
#0362,冰鬼護,オニゴーリ,Glalie,冰,
#0363,海豹球,タマザラシ,Spheal,冰,水
#0364,海魔獅,トドグラー,Sealeo,冰,水
#0365,帝牙海獅,トドゼルガ,Walrein,冰,水
#0366,珍珠貝,パールル,Clamperl,水,
#0367,獵斑魚,ハンテール,Huntail,水,
#0368,櫻花魚,サクラビス,Gorebyss,水,
#0369,古空棘魚,ジーランス,Relicanth,水,岩石
#0370,愛心魚,ラブカス,Luvdisc,水,
#0371,寶貝龍,タツベイ,Bagon,龍,
#0372,甲殼龍,コモルー,Shelgon,龍,
#0373,暴飛龍,ボーマンダ,Salamence,龍,飛行
#0374,鐵啞鈴,ダンバル,Beldum,鋼,超能力
#0375,金屬怪,メタング,Metang,鋼,超能力
#0376,巨金怪,メタグロス,Metagross,鋼,超能力
#0377,雷吉洛克,レジロック,Regirock,岩石,
#0378,雷吉艾斯,レジアイス,Regice,冰,
#0379,雷吉斯奇魯,レジスチル,Registeel,鋼,
#0380,拉帝亞斯,ラティアス,Latias,龍,超能力
#0381,拉帝歐斯,ラティオス,Latios,龍,超能力
#0382,蓋歐卡,カイオーガ,Kyogre,水,
#0383,固拉多,グラードン,Groudon,地面,
#0384,烈空坐,レックウザ,Rayquaza,龍,飛行
#0385,基拉祈,ジラーチ,Jirachi,鋼,超能力
#0386,代歐奇希斯,デオキシス,Deoxys,超能力,
#0387,草苗龜,ナエトル,Turtwig,草,
#0388,樹林龜,ハヤシガメ,Grotle,草,
#0389,土台龜,ドダイトス,Torterra,草,地面
#0390,小火焰猴,ヒコザル,Chimchar,火,
#0391,猛火猴,モウカザル,Monferno,火,格鬥
#0392,烈焰猴,ゴウカザル,Infernape,火,格鬥
#0393,波加曼,ポッチャマ,Piplup,水,
#0394,波皇子,ポッタイシ,Prinplup,水,
#0395,帝王拿波,エンペルト,Empoleon,水,鋼
#0396,姆克兒,ムックル,Starly,一般,飛行
#0397,姆克鳥,ムクバード,Staravia,一般,飛行
#0398,姆克鷹,ムクホーク,Staraptor,一般,飛行
#0399,大牙狸,ビッパ,Bidoof,一般,
#0400,大尾狸,ビーダル,Bibarel,一般,水
#0401,圓法師,コロボーシ,Kricketot,蟲,
#0402,音箱蟀,コロトック,Kricketune,蟲,
#0403,小貓怪,コリンク,Shinx,電,
#0404,勒克貓,ルクシオ,Luxio,電,
#0405,倫琴貓,レントラー,Luxray,電,
#0406,含羞苞,スボミー,Budew,草,毒
#0407,羅絲雷朵,ロズレイド,Roserade,草,毒
#0408,頭蓋龍,ズガイドス,Cranidos,岩石,
#0409,戰槌龍,ラムパルド,Rampardos,岩石,
#0410,盾甲龍,タテトプス,Shieldon,岩石,鋼
#0411,護城龍,トリデプス,Bastiodon,岩石,鋼
#0412,結草兒,ミノムッチ,Burmy,蟲,
#0413,結草貴婦,ミノマダム,Wormadam,蟲,草
#0414,紳士蛾,ガーメイル,Mothim,蟲,飛行
#0415,三蜜蜂,ミツハニー,Combee,蟲,飛行
#0416,蜂女王,ビークイン,Vespiquen,蟲,飛行
#0417,帕奇利茲,パチリス,Pachirisu,電,
#0418,泳圈鼬,ブイゼル,Buizel,水,
#0419,浮潛鼬,フローゼル,Floatzel,水,
#0420,櫻花寶,チェリンボ,Cherubi,草,
#0421,櫻花兒,チェリム,Cherrim,草,
#0422,無殼海兔,カラナクシ,Shellos,水,
#0423,海兔獸,トリトドン,Gastrodon,水,地面
#0424,雙尾怪手,エテボース,Ambipom,一般,
#0425,飄飄球,フワンテ,Drifloon,幽靈,飛行
#0426,隨風球,フワライド,Drifblim,幽靈,飛行
#0427,捲捲耳,ミミロル,Buneary,一般,
#0428,長耳兔,ミミロップ,Lopunny,一般,
#0429,夢妖魔,ムウマージ,Mismagius,幽靈,
#0430,烏鴉頭頭,ドンカラス,Honchkrow,惡,飛行
#0431,魅力喵,ニャルマー,Glameow,一般,
#0432,東施喵,ブニャット,Purugly,一般,
#0433,鈴鐺響,リーシャン,Chingling,超能力,
#0434,臭鼬噗,スカンプー,Stunky,毒,惡
#0435,坦克臭鼬,スカタンク,Skuntank,毒,惡
#0436,銅鏡怪,ドーミラー,Bronzor,鋼,超能力
#0437,青銅鐘,ドータクン,Bronzong,鋼,超能力
#0438,盆才怪,ウソハチ,Bonsly,岩石,
#0439,魔尼尼,マネネ,Mime Jr.,超能力,妖精
#0440,小福蛋,ピンプク,Happiny,一般,
#0441,聒噪鳥,ペラップ,Chatot,一般,飛行
#0442,花岩怪,ミカルゲ,Spiritomb,幽靈,惡
#0443,圓陸鯊,フカマル,Gible,龍,地面
#0444,尖牙陸鯊,ガバイト,Gabite,龍,地面
#0445,烈咬陸鯊,ガブリアス,Garchomp,龍,地面
#0446,小卡比獸,ゴンベ,Munchlax,一般,
#0447,利歐路,リオル,Riolu,格鬥,
#0448,路卡利歐,ルカリオ,Lucario,格鬥,鋼
#0449,沙河馬,ヒポポタス,Hippopotas,地面,
#0450,河馬獸,カバルドン,Hippowdon,地面,
#0451,鉗尾蠍,スコルピ,Skorupi,毒,蟲
#0452,龍王蠍,ドラピオン,Drapion,毒,惡
#0453,不良蛙,グレッグル,Croagunk,毒,格鬥
#0454,毒骷蛙,ドクロッグ,Toxicroak,毒,格鬥
#0455,尖牙籠,マスキッパ,Carnivine,草,
#0456,螢光魚,ケイコウオ,Finneon,水,
#0457,霓虹魚,ネオラント,Lumineon,水,
#0458,小球飛魚,タマンタ,Mantyke,水,飛行
#0459,雪笠怪,ユキカブリ,Snover,草,冰
#0460,暴雪王,ユキノオー,Abomasnow,草,冰
#0461,瑪狃拉,マニューラ,Weavile,惡,冰
#0462,自爆磁怪,ジバコイル,Magnezone,電,鋼
#0463,大舌舔,ベロベルト,Lickilicky,一般,
#0464,超甲狂犀,ドサイドン,Rhyperior,地面,岩石
#0465,巨蔓藤,モジャンボ,Tangrowth,草,
#0466,電擊魔獸,エレキブル,Electivire,電,
#0467,鴨嘴炎獸,ブーバーン,Magmortar,火,
#0468,波克基斯,トゲキッス,Togekiss,妖精,飛行
#0469,遠古巨蜓,メガヤンマ,Yanmega,蟲,飛行
#0470,葉伊布,リーフィア,Leafeon,草,
#0471,冰伊布,グレイシア,Glaceon,冰,
#0472,天蠍王,グライオン,Gliscor,地面,飛行
#0473,象牙豬,マンムー,Mamoswine,冰,地面
#0474,多邊獸Ｚ,ポリゴンＺ,Porygon-Z,一般,
#0475,艾路雷朵,エルレイド,Gallade,超能力,格鬥
#0476,大朝北鼻,ダイノーズ,Probopass,岩石,鋼
#0477,黑夜魔靈,ヨノワール,Dusknoir,幽靈,
#0478,雪妖女,ユキメノコ,Froslass,冰,幽靈
#0479,洛托姆,ロトム,Rotom,電,幽靈
#0480,由克希,ユクシー,Uxie,超能力,
#0481,艾姆利多,エムリット,Mesprit,超能力,
#0482,亞克諾姆,アグノム,Azelf,超能力,
#0483,帝牙盧卡,ディアルガ,Dialga,鋼,龍
#0484,帕路奇亞,パルキア,Palkia,水,龍
#0485,席多藍恩,ヒードラン,Heatran,火,鋼
#0486,雷吉奇卡斯,レジギガス,Regigigas,一般,
#0487,騎拉帝納,ギラティナ,Giratina,幽靈,龍
#0488,克雷色利亞,クレセリア,Cresselia,超能力,
#0489,霏歐納,フィオネ,Phione,水,
#0490,瑪納霏,マナフィ,Manaphy,水,
#0491,達克萊伊,ダークライ,Darkrai,惡,
#0492,謝米,シェイミ,Shaymin,草,
#0493,阿爾宙斯,アルセウス,Arceus,一般,
#0494,比克提尼,ビクティニ,Victini,超能力,火
#0495,藤藤蛇,ツタージャ,Snivy,草,
#0496,青藤蛇,ジャノビー,Servine,草,
#0497,君主蛇,ジャローダ,Serperior,草,
#0498,暖暖豬,ポカブ,Tepig,火,
#0499,炒炒豬,チャオブー,Pignite,火,格鬥
#0500,炎武王,エンブオー,Emboar,火,格鬥
#0501,水水獺,ミジュマル,Oshawott,水,
#0502,雙刃丸,フタチマル,Dewott,水,
#0503,大劍鬼,ダイケンキ,Samurott,水,
#0504,探探鼠,ミネズミ,Patrat,一般,
#0505,步哨鼠,ミルホッグ,Watchog,一般,
#0506,小約克,ヨーテリー,Lillipup,一般,
#0507,哈約克,ハーデリア,Herdier,一般,
#0508,長毛狗,ムーランド,Stoutland,一般,
#0509,扒手貓,チョロネコ,Purrloin,惡,
#0510,酷豹,レパルダス,Liepard,惡,
#0511,花椰猴,ヤナップ,Pansage,草,
#0512,花椰猿,ヤナッキー,Simisage,草,
#0513,爆香猴,バオップ,Pansear,火,
#0514,爆香猿,バオッキー,Simisear,火,
#0515,冷水猴,ヒヤップ,Panpour,水,
#0516,冷水猿,ヒヤッキー,Simipour,水,
#0517,食夢夢,ムンナ,Munna,超能力,
#0518,夢夢蝕,ムシャーナ,Musharna,超能力,
#0519,豆豆鴿,マメパト,Pidove,一般,飛行
#0520,咕咕鴿,ハトーボー,Tranquill,一般,飛行
#0521,高傲雉雞,ケンホロウ,Unfezant,一般,飛行
#0522,斑斑馬,シママ,Blitzle,電,
#0523,雷電斑馬,ゼブライカ,Zebstrika,電,
#0524,石丸子,ダンゴロ,Roggenrola,岩石,
#0525,地幔岩,ガントル,Boldore,岩石,
#0526,龐岩怪,ギガイアス,Gigalith,岩石,
#0527,滾滾蝙蝠,コロモリ,Woobat,超能力,飛行
#0528,心蝙蝠,ココロモリ,Swoobat,超能力,飛行
#0529,螺釘地鼠,モグリュー,Drilbur,地面,
#0530,龍頭地鼠,ドリュウズ,Excadrill,地面,鋼
#0531,差不多娃娃,タブンネ,Audino,一般,
#0532,搬運小匠,ドッコラー,Timburr,格鬥,
#0533,鐵骨土人,ドテッコツ,Gurdurr,格鬥,
#0534,修建老匠,ローブシン,Conkeldurr,格鬥,
#0535,圓蝌蚪,オタマロ,Tympole,水,
#0536,藍蟾蜍,ガマガル,Palpitoad,水,地面
#0537,蟾蜍王,ガマゲロゲ,Seismitoad,水,地面
#0538,投摔鬼,ナゲキ,Throh,格鬥,
#0539,打擊鬼,ダゲキ,Sawk,格鬥,
#0540,蟲寶包,クルミル,Sewaddle,蟲,草
#0541,寶包繭,クルマユ,Swadloon,蟲,草
#0542,保母蟲,ハハコモリ,Leavanny,蟲,草
#0543,百足蜈蚣,フシデ,Venipede,蟲,毒
#0544,車輪毬,ホイーガ,Whirlipede,蟲,毒
#0545,蜈蚣王,ペンドラー,Scolipede,蟲,毒
#0546,木棉球,モンメン,Cottonee,草,妖精
#0547,風妖精,エルフーン,Whimsicott,草,妖精
#0548,百合根娃娃,チュリネ,Petilil,草,
#0549,裙兒小姐,ドレディア,Lilligant,草,
#0550,野蠻鱸魚,バスラオ,Basculin,水,
#0551,黑眼鱷,メグロコ,Sandile,地面,惡
#0552,混混鱷,ワルビル,Krokorok,地面,惡
#0553,流氓鱷,ワルビアル,Krookodile,地面,惡
#0554,火紅不倒翁,ダルマッカ,Darumaka,火,
#0555,達摩狒狒,ヒヒダルマ,Darmanitan,火,
#0556,沙鈴仙人掌,マラカッチ,Maractus,草,
#0557,石居蟹,イシズマイ,Dwebble,蟲,岩石
#0558,岩殿居蟹,イワパレス,Crustle,蟲,岩石
#0559,滑滑小子,ズルッグ,Scraggy,惡,格鬥
#0560,頭巾混混,ズルズキン,Scrafty,惡,格鬥
#0561,象徵鳥,シンボラー,Sigilyph,超能力,飛行
#0562,哭哭面具,デスマス,Yamask,幽靈,
#0563,死神棺,デスカーン,Cofagrigus,幽靈,
#0564,原蓋海龜,プロトーガ,Tirtouga,水,岩石
#0565,肋骨海龜,アバゴーラ,Carracosta,水,岩石
#0566,始祖小鳥,アーケン,Archen,岩石,飛行
#0567,始祖大鳥,アーケオス,Archeops,岩石,飛行
#0568,破破袋,ヤブクロン,Trubbish,毒,
#0569,灰塵山,ダストダス,Garbodor,毒,
#0570,索羅亞,ゾロア,Zorua,惡,
#0571,索羅亞克,ゾロアーク,Zoroark,惡,
#0572,泡沫栗鼠,チラーミィ,Minccino,一般,
#0573,奇諾栗鼠,チラチーノ,Cinccino,一般,
#0574,哥德寶寶,ゴチム,Gothita,超能力,
#0575,哥德小童,ゴチミル,Gothorita,超能力,
#0576,哥德小姐,ゴチルゼル,Gothitelle,超能力,
#0577,單卵細胞球,ユニラン,Solosis,超能力,
#0578,雙卵細胞球,ダブラン,Duosion,超能力,
#0579,人造細胞卵,ランクルス,Reuniclus,超能力,
#0580,鴨寶寶,コアルヒー,Ducklett,水,飛行
#0581,舞天鵝,スワンナ,Swanna,水,飛行
#0582,迷你冰,バニプッチ,Vanillite,冰,
#0583,多多冰,バニリッチ,Vanillish,冰,
#0584,雙倍多多冰,バイバニラ,Vanilluxe,冰,
#0585,四季鹿,シキジカ,Deerling,一般,草
#0586,萌芽鹿,メブキジカ,Sawsbuck,一般,草
#0587,電飛鼠,エモンガ,Emolga,電,飛行
#0588,蓋蓋蟲,カブルモ,Karrablast,蟲,
#0589,騎士蝸牛,シュバルゴ,Escavalier,蟲,鋼
#0590,哎呀球菇,タマゲタケ,Foongus,草,毒
#0591,敗露球菇,モロバレル,Amoonguss,草,毒
#0592,輕飄飄,プルリル,Frillish,水,幽靈
#0593,胖嘟嘟,ブルンゲル,Jellicent,水,幽靈
#0594,保母曼波,ママンボウ,Alomomola,水,
#0595,電電蟲,バチュル,Joltik,蟲,電
#0596,電蜘蛛,デンチュラ,Galvantula,蟲,電
#0597,種子鐵球,テッシード,Ferroseed,草,鋼
#0598,堅果啞鈴,ナットレイ,Ferrothorn,草,鋼
#0599,齒輪兒,ギアル,Klink,鋼,
#0600,齒輪組,ギギアル,Klang,鋼,
#0601,齒輪怪,ギギギアル,Klinklang,鋼,
#0602,麻麻小魚,シビシラス,Tynamo,電,
#0603,麻麻鰻,シビビール,Eelektrik,電,
#0604,麻麻鰻魚王,シビルドン,Eelektross,電,
#0605,小灰怪,リグレー,Elgyem,超能力,
#0606,大宇怪,オーベム,Beheeyem,超能力,
#0607,燭光靈,ヒトモシ,Litwick,幽靈,火
#0608,燈火幽靈,ランプラー,Lampent,幽靈,火
#0609,水晶燈火靈,シャンデラ,Chandelure,幽靈,火
#0610,牙牙,キバゴ,Axew,龍,
#0611,斧牙龍,オノンド,Fraxure,龍,
#0612,雙斧戰龍,オノノクス,Haxorus,龍,
#0613,噴嚏熊,クマシュン,Cubchoo,冰,
#0614,凍原熊,ツンベアー,Beartic,冰,
#0615,幾何雪花,フリージオ,Cryogonal,冰,
#0616,小嘴蝸,チョボマキ,Shelmet,蟲,
#0617,敏捷蟲,アギルダー,Accelgor,蟲,
#0618,泥巴魚,マッギョ,Stunfisk,地面,電
#0619,功夫鼬,コジョフー,Mienfoo,格鬥,
#0620,師父鼬,コジョンド,Mienshao,格鬥,
#0621,赤面龍,クリムガン,Druddigon,龍,
#0622,泥偶小人,ゴビット,Golett,地面,幽靈
#0623,泥偶巨人,ゴルーグ,Golurk,地面,幽靈
#0624,駒刀小兵,コマタナ,Pawniard,惡,鋼
#0625,劈斬司令,キリキザン,Bisharp,惡,鋼
#0626,爆炸頭水牛,バッフロン,Bouffalant,一般,
#0627,毛頭小鷹,ワシボン,Rufflet,一般,飛行
#0628,勇士雄鷹,ウォーグル,Braviary,一般,飛行
#0629,禿鷹丫頭,バルチャイ,Vullaby,惡,飛行
#0630,禿鷹娜,バルジーナ,Mandibuzz,惡,飛行
#0631,熔蟻獸,クイタラン,Heatmor,火,
#0632,鐵蟻,アイアント,Durant,蟲,鋼
#0633,單首龍,モノズ,Deino,惡,龍
#0634,雙首暴龍,ジヘッド,Zweilous,惡,龍
#0635,三首惡龍,サザンドラ,Hydreigon,惡,龍
#0636,燃燒蟲,メラルバ,Larvesta,蟲,火
#0637,火神蛾,ウルガモス,Volcarona,蟲,火
#0638,勾帕路翁,コバルオン,Cobalion,鋼,格鬥
#0639,代拉基翁,テラキオン,Terrakion,岩石,格鬥
#0640,畢力吉翁,ビリジオン,Virizion,草,格鬥
#0641,龍捲雲,トルネロス,Tornadus,飛行,
#0642,雷電雲,ボルトロス,Thundurus,電,飛行
#0643,萊希拉姆,レシラム,Reshiram,龍,火
#0644,捷克羅姆,ゼクロム,Zekrom,龍,電
#0645,土地雲,ランドロス,Landorus,地面,飛行
#0646,酋雷姆,キュレム,Kyurem,龍,冰
#0647,凱路迪歐,ケルディオ,Keldeo,水,格鬥
#0648,美洛耶塔,メロエッタ,Meloetta,一般,超能力
#0649,蓋諾賽克特,ゲノセクト,Genesect,蟲,鋼
#0650,哈力栗,ハリマロン,Chespin,草,
#0651,胖胖哈力,ハリボーグ,Quilladin,草,
#0652,布里卡隆,ブリガロン,Chesnaught,草,格鬥
#0653,火狐狸,フォッコ,Fennekin,火,
#0654,長尾火狐,テールナー,Braixen,火,
#0655,妖火紅狐,マフォクシー,Delphox,火,超能力
#0656,呱呱泡蛙,ケロマツ,Froakie,水,
#0657,呱頭蛙,ゲコガシラ,Frogadier,水,
#0658,甲賀忍蛙,ゲッコウガ,Greninja,水,惡
#0659,掘掘兔,ホルビー,Bunnelby,一般,
#0660,掘地兔,ホルード,Diggersby,一般,地面
#0661,小箭雀,ヤヤコマ,Fletchling,一般,飛行
#0662,火箭雀,ヒノヤコマ,Fletchinder,火,飛行
#0663,烈箭鷹,ファイアロー,Talonflame,火,飛行
#0664,粉蝶蟲,コフキムシ,Scatterbug,蟲,
#0665,粉蝶蛹,コフーライ,Spewpa,蟲,
#0666,彩粉蝶,ビビヨン,Vivillon,蟲,飛行
#0667,小獅獅,シシコ,Litleo,火,一般
#0668,火炎獅,カエンジシ,Pyroar,火,一般
#0669,花蓓蓓,フラベベ,Flabébé,妖精,
#0670,花葉蒂,フラエッテ,Floette,妖精,
#0671,花潔夫人,フラージェス,Florges,妖精,
#0672,坐騎小羊,メェークル,Skiddo,草,
#0673,坐騎山羊,ゴーゴート,Gogoat,草,
#0674,頑皮熊貓,ヤンチャム,Pancham,格鬥,
#0675,流氓熊貓,ゴロンダ,Pangoro,格鬥,惡
#0676,多麗米亞,トリミアン,Furfrou,一般,
#0677,妙喵,ニャスパー,Espurr,超能力,
#0678,超能妙喵,ニャオニクス,Meowstic,超能力,
#0679,獨劍鞘,ヒトツキ,Honedge,鋼,幽靈
#0680,雙劍鞘,ニダンギル,Doublade,鋼,幽靈
#0681,堅盾劍怪,ギルガルド,Aegislash,鋼,幽靈
#0682,粉香香,シュシュプ,Spritzee,妖精,
#0683,芳香精,フレフワン,Aromatisse,妖精,
#0684,綿綿泡芙,ペロッパフ,Swirlix,妖精,
#0685,胖甜妮,ペロリーム,Slurpuff,妖精,
#0686,好啦魷,マーイーカ,Inkay,惡,超能力
#0687,烏賊王,カラマネロ,Malamar,惡,超能力
#0688,龜腳腳,カメテテ,Binacle,岩石,水
#0689,龜足巨鎧,ガメノデス,Barbaracle,岩石,水
#0690,垃垃藻,クズモー,Skrelp,毒,水
#0691,毒藻龍,ドラミドロ,Dragalge,毒,龍
#0692,鐵臂槍蝦,ウデッポウ,Clauncher,水,
#0693,鋼炮臂蝦,ブロスター,Clawitzer,水,
#0694,傘電蜥,エリキテル,Helioptile,電,一般
#0695,光電傘蜥,エレザード,Heliolisk,電,一般
#0696,寶寶暴龍,チゴラス,Tyrunt,岩石,龍
#0697,怪顎龍,ガチゴラス,Tyrantrum,岩石,龍
#0698,冰雪龍,アマルス,Amaura,岩石,冰
#0699,冰雪巨龍,アマルルガ,Aurorus,岩石,冰
#0700,仙子伊布,ニンフィア,Sylveon,妖精,
#0701,摔角鷹人,ルチャブル,Hawlucha,格鬥,飛行
#0702,咚咚鼠,デデンネ,Dedenne,電,妖精
#0703,小碎鑽,メレシー,Carbink,岩石,妖精
#0704,黏黏寶,ヌメラ,Goomy,龍,
#0705,黏美兒,ヌメイル,Sliggoo,龍,
#0706,黏美龍,ヌメルゴン,Goodra,龍,
#0707,鑰圈兒,クレッフィ,Klefki,鋼,妖精
#0708,小木靈,ボクレー,Phantump,幽靈,草
#0709,朽木妖,オーロット,Trevenant,幽靈,草
#0710,南瓜精,バケッチャ,Pumpkaboo,幽靈,草
#0711,南瓜怪人,パンプジン,Gourgeist,幽靈,草
#0712,冰寶,カチコール,Bergmite,冰,
#0713,冰岩怪,クレベース,Avalugg,冰,
#0714,嗡蝠,オンバット,Noibat,飛行,龍
#0715,音波龍,オンバーン,Noivern,飛行,龍
#0716,哲爾尼亞斯,ゼルネアス,Xerneas,妖精,
#0717,伊裴爾塔爾,イベルタル,Yveltal,惡,飛行
#0718,基格爾德,ジガルデ,Zygarde,龍,地面
#0719,蒂安希,ディアンシー,Diancie,岩石,妖精
#0720,胡帕,フーパ,Hoopa,超能力,幽靈
#0721,波爾凱尼恩,ボルケニオン,Volcanion,火,水
#0722,木木梟,モクロー,Rowlet,草,飛行
#0723,投羽梟,フクスロー,Dartrix,草,飛行
#0724,狙射樹梟,ジュナイパー,Decidueye,草,幽靈
#0725,火斑喵,ニャビー,Litten,火,
#0726,炎熱喵,ニャヒート,Torracat,火,
#0727,熾焰咆哮虎,ガオガエン,Incineroar,火,惡
#0728,球球海獅,アシマリ,Popplio,水,
#0729,花漾海獅,オシャマリ,Brionne,水,
#0730,西獅海壬,アシレーヌ,Primarina,水,妖精
#0731,小篤兒,ツツケラ,Pikipek,一般,飛行
#0732,喇叭啄鳥,ケララッパ,Trumbeak,一般,飛行
#0733,銃嘴大鳥,ドデカバシ,Toucannon,一般,飛行
#0734,貓鼬少,ヤングース,Yungoos,一般,
#0735,貓鼬探長,デカグース,Gumshoos,一般,
#0736,強顎雞母蟲,アゴジムシ,Grubbin,蟲,
#0737,蟲電寶,デンヂムシ,Charjabug,蟲,電
#0738,鍬農炮蟲,クワガノン,Vikavolt,蟲,電
#0739,好勝蟹,マケンカニ,Crabrawler,格鬥,
#0740,好勝毛蟹,ケケンカニ,Crabominable,格鬥,冰
#0741,花舞鳥,オドリドリ,Oricorio,火,飛行
#0742,萌虻,アブリー,Cutiefly,蟲,妖精
#0743,蝶結萌虻,アブリボン,Ribombee,蟲,妖精
#0744,岩狗狗,イワンコ,Rockruff,岩石,
#0745,鬃岩狼人,ルガルガン,Lycanroc,岩石,
#0746,弱丁魚,ヨワシ,Wishiwashi,水,
#0747,好壞星,ヒドイデ,Mareanie,毒,水
#0748,超壞星,ドヒドイデ,Toxapex,毒,水
#0749,泥驢仔,ドロバンコ,Mudbray,地面,
#0750,重泥挽馬,バンバドロ,Mudsdale,地面,
#0751,滴蛛,シズクモ,Dewpider,水,蟲
#0752,滴蛛霸,オニシズクモ,Araquanid,水,蟲
#0753,偽螳草,カリキリ,Fomantis,草,
#0754,蘭螳花,ラランテス,Lurantis,草,
#0755,睡睡菇,ネマシュ,Morelull,草,妖精
#0756,燈罩夜菇,マシェード,Shiinotic,草,妖精
#0757,夜盜火蜥,ヤトウモリ,Salandit,毒,火
#0758,焰后蜥,エンニュート,Salazzle,毒,火
#0759,童偶熊,ヌイコグマ,Stufful,一般,格鬥
#0760,穿著熊,キテルグマ,Bewear,一般,格鬥
#0761,甜竹竹,アマカジ,Bounsweet,草,
#0762,甜舞妮,アママイコ,Steenee,草,
#0763,甜冷美后,アマージョ,Tsareena,草,
#0764,花療環環,キュワワー,Comfey,妖精,
#0765,智揮猩,ヤレユータン,Oranguru,一般,超能力
#0766,投擲猴,ナゲツケサル,Passimian,格鬥,
#0767,膽小蟲,コソクムシ,Wimpod,蟲,水
#0768,具甲武者,グソクムシャ,Golisopod,蟲,水
#0769,沙丘娃,スナバァ,Sandygast,幽靈,地面
#0770,噬沙堡爺,シロデスナ,Palossand,幽靈,地面
#0771,拳海參,ナマコブシ,Pyukumuku,水,
#0772,屬性：空,タイプ：ヌル,Type: Null,一般,
#0773,銀伴戰獸,シルヴァディ,Silvally,一般,
#0774,小隕星,メテノ,Minior,岩石,飛行
#0775,樹枕尾熊,ネッコアラ,Komala,一般,
#0776,爆焰龜獸,バクガメス,Turtonator,火,龍
#0777,托戈德瑪爾,トゲデマル,Togedemaru,電,鋼
#0778,謎擬Ｑ,ミミッキュ,Mimikyu,幽靈,妖精
#0779,磨牙彩皮魚,ハギギシリ,Bruxish,水,超能力
#0780,老翁龍,ジジーロン,Drampa,一般,龍
#0781,破破舵輪,ダダリン,Dhelmise,幽靈,草
#0782,心鱗寶,ジャラコ,Jangmo-o,龍,
#0783,鱗甲龍,ジャランゴ,Hakamo-o,龍,格鬥
#0784,杖尾鱗甲龍,ジャラランガ,Kommo-o,龍,格鬥
#0785,卡璞・鳴鳴,カプ・コケコ,Tapu Koko,電,妖精
#0786,卡璞・蝶蝶,カプ・テテフ,Tapu Lele,超能力,妖精
#0787,卡璞・哞哞,カプ・ブルル,Tapu Bulu,草,妖精
#0788,卡璞・鰭鰭,カプ・レヒレ,Tapu Fini,水,妖精
#0789,科斯莫古,コスモッグ,Cosmog,超能力,
#0790,科斯莫姆,コスモウム,Cosmoem,超能力,
#0791,索爾迦雷歐,ソルガレオ,Solgaleo,超能力,鋼
#0792,露奈雅拉,ルナアーラ,Lunala,超能力,幽靈
#0793,虛吾伊德,ウツロイド,Nihilego,岩石,毒
#0794,爆肌蚊,マッシブーン,Buzzwole,蟲,格鬥
#0795,費洛美螂,フェローチェ,Pheromosa,蟲,格鬥
#0796,電束木,デンジュモク,Xurkitree,電,
#0797,鐵火輝夜,テッカグヤ,Celesteela,鋼,飛行
#0798,紙御劍,カミツルギ,Kartana,草,鋼
#0799,惡食大王,アクジキング,Guzzlord,惡,龍
#0800,奈克洛茲瑪,ネクロズマ,Necrozma,超能力,
#0801,瑪機雅娜,マギアナ,Magearna,鋼,妖精
#0802,瑪夏多,マーシャドー,Marshadow,格鬥,幽靈
#0803,毒貝比,ベベノム,Poipole,毒,
#0804,四顎針龍,アーゴヨン,Naganadel,毒,龍
#0805,壘磊石,ツンデツンデ,Stakataka,岩石,鋼
#0806,砰頭小丑,ズガドーン,Blacephalon,火,幽靈
#0807,捷拉奧拉,ゼラオラ,Zeraora,電,
#0808,美錄坦,メルタン,Meltan,鋼,
#0809,美錄梅塔,メルメタル,Melmetal,鋼,
#0810,敲音猴,サルノリ,Grookey,草,
#0811,啪咚猴,バチンキー,Thwackey,草,
#0812,轟擂金剛猩,ゴリランダー,Rillaboom,草,
#0813,炎兔兒,ヒバニー,Scorbunny,火,
#0814,騰蹴小將,ラビフット,Raboot,火,
#0815,閃焰王牌,エースバーン,Cinderace,火,
#0816,淚眼蜥,メッソン,Sobble,水,
#0817,變澀蜥,ジメレオン,Drizzile,水,
#0818,千面避役,インテレオン,Inteleon,水,
#0819,貪心栗鼠,ホシガリス,Skwovet,一般,
#0820,藏飽栗鼠,ヨクバリス,Greedent,一般,
#0821,稚山雀,ココガラ,Rookidee,飛行,
#0822,藍鴉,アオガラス,Corvisquire,飛行,
#0823,鋼鎧鴉,アーマーガア,Corviknight,飛行,鋼
#0824,索偵蟲,サッチムシ,Blipbug,蟲,
#0825,天罩蟲,レドームシ,Dottler,蟲,超能力
#0826,以歐路普,イオルブ,Orbeetle,蟲,超能力
#0827,偷兒狐,クスネ,Nickit,惡,
#0828,狐大盜,フォクスライ,Thievul,惡,
#0829,幼棉棉,ヒメンカ,Gossifleur,草,
#0830,白蓬蓬,ワタシラガ,Eldegoss,草,
#0831,毛辮羊,ウールー,Wooloo,一般,
#0832,毛毛角羊,バイウールー,Dubwool,一般,
#0833,咬咬龜,カムカメ,Chewtle,水,
#0834,暴噬龜,カジリガメ,Drednaw,水,岩石
#0835,來電汪,ワンパチ,Yamper,電,
#0836,逐電犬,パルスワン,Boltund,電,
#0837,小炭仔,タンドン,Rolycoly,岩石,
#0838,大炭車,トロッゴン,Carkol,岩石,火
#0839,巨炭山,セキタンザン,Coalossal,岩石,火
#0840,啃果蟲,カジッチュ,Applin,草,龍
#0841,蘋裹龍,アップリュー,Flapple,草,龍
#0842,豐蜜龍,タルップル,Appletun,草,龍
#0843,沙包蛇,スナヘビ,Silicobra,地面,
#0844,沙螺蟒,サダイジャ,Sandaconda,地面,
#0845,古月鳥,ウッウ,Cramorant,飛行,水
#0846,刺梭魚,サシカマス,Arrokuda,水,
#0847,戽斗尖梭,カマスジョー,Barraskewda,水,
#0848,毒電嬰,エレズン,Toxel,電,毒
#0849,顫弦蠑螈,ストリンダー,Toxtricity,電,毒
#0850,燒火蚣,ヤクデ,Sizzlipede,火,蟲
#0851,焚焰蚣,マルヤクデ,Centiskorch,火,蟲
#0852,拳拳蛸,タタッコ,Clobbopus,格鬥,
#0853,八爪武師,オトスパス,Grapploct,格鬥,
#0854,來悲茶,ヤバチャ,Sinistea,幽靈,
#0855,怖思壺,ポットデス,Polteageist,幽靈,
#0856,迷布莉姆,ミブリム,Hatenna,超能力,
#0857,提布莉姆,テブリム,Hattrem,超能力,
#0858,布莉姆溫,ブリムオン,Hatterene,超能力,妖精
#0859,搗蛋小妖,ベロバー,Impidimp,惡,妖精
#0860,詐唬魔,ギモー,Morgrem,惡,妖精
#0861,長毛巨魔,オーロンゲ,Grimmsnarl,惡,妖精
#0862,堵攔熊,タチフサグマ,Obstagoon,惡,一般
#0863,喵頭目,ニャイキング,Perrserker,鋼,
#0864,魔靈珊瑚,サニゴーン,Cursola,幽靈,
#0865,蔥遊兵,ネギガナイト,Sirfetch'd,格鬥,
#0866,踏冰人偶,バリコオル,Mr. Rime,冰,超能力
#0867,死神板,デスバーン,Runerigus,地面,幽靈
#0868,小仙奶,マホミル,Milcery,妖精,
#0869,霜奶仙,マホイップ,Alcremie,妖精,
#0870,列陣兵,タイレーツ,Falinks,格鬥,
#0871,啪嚓海膽,バチンウニ,Pincurchin,電,
#0872,雪吞蟲,ユキハミ,Snom,冰,蟲
#0873,雪絨蛾,モスノウ,Frosmoth,冰,蟲
#0874,巨石丁,イシヘンジン,Stonjourner,岩石,
#0875,冰砌鵝,コオリッポ,Eiscue,冰,
#0876,愛管侍,イエッサン,Indeedee,超能力,一般
#0877,莫魯貝可,モルペコ,Morpeko,電,惡
#0878,銅象,ゾウドウ,Cufant,鋼,
#0879,大王銅象,ダイオウドウ,Copperajah,鋼,
#0880,雷鳥龍,パッチラゴン,Dracozolt,電,龍
#0881,雷鳥海獸,パッチルドン,Arctozolt,電,冰
#0882,鰓魚龍,ウオノラゴン,Dracovish,水,龍
#0883,鰓魚海獸,ウオチルドン,Arctovish,水,冰
#0884,鋁鋼龍,ジュラルドン,Duraludon,鋼,龍
#0885,多龍梅西亞,ドラメシヤ,Dreepy,龍,幽靈
#0886,多龍奇,ドロンチ,Drakloak,龍,幽靈
#0887,多龍巴魯托,ドラパルト,Dragapult,龍,幽靈
#0888,蒼響,ザシアン,Zacian,妖精,
#0889,藏瑪然特,ザマゼンタ,Zamazenta,格鬥,
#0890,無極汰那,ムゲンダイナ,Eternatus,毒,龍
#0891,熊徒弟,ダクマ,Kubfu,格鬥,
#0892,武道熊師,ウーラオス,Urshifu,格鬥,惡
#0893,薩戮德,ザルード,Zarude,惡,草
#0894,雷吉艾勒奇,レジエレキ,Regieleki,電,
#0895,雷吉鐸拉戈,レジドラゴ,Regidrago,龍,
#0896,雪暴馬,ブリザポス,Glastrier,冰,
#0897,靈幽馬,レイスポス,Spectrier,幽靈,
#0898,蕾冠王,バドレックス,Calyrex,超能力,草
#0899,詭角鹿,アヤシシ,Wyrdeer,一般,超能力
#0900,劈斧螳螂,バサギリ,Kleavor,蟲,岩石
#0901,月月熊,ガチグマ,Ursaluna,地面,一般
#0902,幽尾玄魚,イダイトウ,Basculegion,水,幽靈
#0903,大狃拉,オオニューラ,Sneasler,格鬥,毒
#0904,萬針魚,ハリーマン,Overqwil,惡,毒
#0905,眷戀雲,ラブトロス,Enamorus,妖精,飛行
#0906,新葉喵,ニャオハ,Sprigatito,草,
#0907,蒂蕾喵,ニャローテ,Floragato,草,
#0908,魔幻假面喵,マスカーニャ,Meowscarada,草,惡
#0909,呆火鱷,ホゲータ,Fuecoco,火,
#0910,炙燙鱷,アチゲータ,Crocalor,火,
#0911,骨紋巨聲鱷,ラウドボーン,Skeledirge,火,幽靈
#0912,潤水鴨,クワッス,Quaxly,水,
#0913,湧躍鴨,ウェルカモ,Quaxwell,水,
#0914,狂歡浪舞鴨,ウェーニバル,Quaquaval,水,格鬥
#0915,愛吃豚,グルトン,Lechonk,一般,
#0916,飄香豚,パフュートン,Oinkologne,一般,
#0917,團珠蛛,タマンチュラ,Tarountula,蟲,
#0918,操陷蛛,ワナイダー,Spidops,蟲,
#0919,豆蟋蟀,マメバッタ,Nymble,蟲,
#0920,烈腿蝗,エクスレッグ,Lokix,蟲,惡
#0921,布撥,パモ,Pawmi,電,
#0922,布土撥,パモット,Pawmo,電,格鬥
#0923,巴布土撥,パーモット,Pawmot,電,格鬥
#0924,一對鼠,ワッカネズミ,Tandemaus,一般,
#0925,一家鼠,イッカネズミ,Maushold,一般,
#0926,狗仔包,パピモッチ,Fidough,妖精,
#0927,麻花犬,バウッツェル,Dachsbun,妖精,
#0928,迷你芙,ミニーブ,Smoliv,草,一般
#0929,奧利紐,オリーニョ,Dolliv,草,一般
#0930,奧利瓦,オリーヴァ,Arboliva,草,一般
#0931,怒鸚哥,イキリンコ,Squawkabilly,一般,飛行
#0932,鹽石寶,コジオ,Nacli,岩石,
#0933,鹽石壘,ジオヅム,Naclstack,岩石,
#0934,鹽石巨靈,キョジオーン,Garganacl,岩石,
#0935,炭小侍,カルボウ,Charcadet,火,
#0936,紅蓮鎧騎,グレンアルマ,Armarouge,火,超能力
#0937,蒼炎刃鬼,ソウブレイズ,Ceruledge,火,幽靈
#0938,光蚪仔,ズピカ,Tadbulb,電,
#0939,電肚蛙,ハラバリー,Bellibolt,電,
#0940,電海燕,カイデン,Wattrel,電,飛行
#0941,大電海燕,タイカイデン,Kilowattrel,電,飛行
#0942,偶叫獒,オラチフ,Maschiff,惡,
#0943,獒教父,マフィティフ,Mabosstiff,惡,
#0944,滋汁鼴,シルシュルー,Shroodle,毒,一般
#0945,塗標客,タギングル,Grafaiai,毒,一般
#0946,納噬草,アノクサ,Bramblin,草,幽靈
#0947,怖納噬草,アノホラグサ,Brambleghast,草,幽靈
#0948,原野水母,ノノクラゲ,Toedscool,地面,草
#0949,陸地水母,リククラゲ,Toedscruel,地面,草
#0950,毛崖蟹,ガケガニ,Klawf,岩石,
#0951,熱辣娃,カプサイジ,Capsakid,草,
#0952,狠辣椒,スコヴィラン,Scovillain,草,火
#0953,蟲滾泥,シガロコ,Rellor,蟲,
#0954,蟲甲聖,ベラカス,Rabsca,蟲,超能力
#0955,飄飄雛,ヒラヒナ,Flittle,超能力,
#0956,超能豔鴕,クエスパトラ,Espathra,超能力,
#0957,小鍛匠,カヌチャン,Tinkatink,妖精,鋼
#0958,巧鍛匠,ナカヌチャン,Tinkatuff,妖精,鋼
#0959,巨鍛匠,デカヌチャン,Tinkaton,妖精,鋼
#0960,海地鼠,ウミディグダ,Wiglett,水,
#0961,三海地鼠,ウミトリオ,Wugtrio,水,
#0962,下石鳥,オトシドリ,Bombirdier,飛行,惡
#0963,波普海豚,ナミイルカ,Finizen,水,
#0964,海豚俠,イルカマン,Palafin,水,
#0965,噗隆隆,ブロロン,Varoom,鋼,毒
#0966,普隆隆姆,ブロロローム,Revavroom,鋼,毒
#0967,摩托蜥,モトトカゲ,Cyclizar,龍,一般
#0968,拖拖蚓,ミミズズ,Orthworm,鋼,
#0969,晶光芽,キラーメ,Glimmet,岩石,毒
#0970,晶光花,キラフロル,Glimmora,岩石,毒
#0971,墓仔狗,ボチ,Greavard,幽靈,
#0972,墓揚犬,ハカドッグ,Houndstone,幽靈,
#0973,纏紅鶴,カラミンゴ,Flamigo,飛行,格鬥
#0974,走鯨,アルクジラ,Cetoddle,冰,
#0975,浩大鯨,ハルクジラ,Cetitan,冰,
#0976,輕身鱈,ミガルーサ,Veluza,水,超能力
#0977,吃吼霸,ヘイラッシャ,Dondozo,水,
#0978,米立龍,シャリタツ,Tatsugiri,龍,水
#0979,棄世猴,コノヨザル,Annihilape,格鬥,幽靈
#0980,土王,ドオー,Clodsire,毒,地面
#0981,奇麒麟,リキキリン,Farigiraf,一般,超能力
#0982,土龍節節,ノココッチ,Dudunsparce,一般,
#0983,仆斬將軍,ドドゲザン,Kingambit,惡,鋼
#0984,雄偉牙,イダイナキバ,Great Tusk,地面,格鬥
#0985,吼叫尾,サケブシッポ,Scream Tail,妖精,超能力
#0986,猛惡菇,アラブルタケ,Brute Bonnet,草,惡
#0987,振翼髮,ハバタクカミ,Flutter Mane,幽靈,妖精
#0988,爬地翅,チヲハウハネ,Slither Wing,蟲,格鬥
#0989,沙鐵皮,スナノケガワ,Sandy Shocks,電,地面
#0990,鐵轍跡,テツノワダチ,Iron Treads,地面,鋼
#0991,鐵包袱,テツノツツミ,Iron Bundle,冰,水
#0992,鐵臂膀,テツノカイナ,Iron Hands,格鬥,電
#0993,鐵脖頸,テツノコウベ,Iron Jugulis,惡,飛行
#0994,鐵毒蛾,テツノドクガ,Iron Moth,火,毒
#0995,鐵荊棘,テツノイバラ,Iron Thorns,岩石,電
#0996,涼脊龍,セビエ,Frigibax,龍,冰
#0997,凍脊龍,セゴール,Arctibax,龍,冰
#0998,戟脊龍,セグレイブ,Baxcalibur,龍,冰
#0999,索財靈,コレクレー,Gimmighoul,幽靈,
#1000,賽富豪,サーフゴー,Gholdengo,鋼,幽靈
#1001,古簡蝸,チオンジェン,Wo-Chien,惡,草
#1002,古劍豹,パオジアン,Chien-Pao,惡,冰
#1003,古鼎鹿,ディンルー,Ting-Lu,惡,地面
#1004,古玉魚,イーユイ,Chi-Yu,惡,火
#1005,轟鳴月,トドロクツキ,Roaring Moon,龍,惡
#1006,鐵武者,テツノブジン,Iron Valiant,妖精,格鬥
#1007,故勒頓,コライドン,Koraidon,格鬥,龍
#1008,密勒頓,ミライドン,Miraidon,電,龍
#1009,波盪水,ウネルミナモ,Walking Wake,水,龍
#1010,鐵斑葉,テツノイサハ,Iron Leaves,草,超能力
#1011,裹蜜蟲,カミッチュ,Dipplin,草,龍
#1012,斯魔茶,チャデス,Poltchageist,草,幽靈
#1013,來悲粗茶,ヤバソチャ,Sinistcha,草,幽靈
#1014,夠讚狗,イイネイヌ,Okidogi,毒,格鬥
#1015,願增猿,マシマシラ,Munkidori,毒,超能力
#1016,吉雉雞,キチキギス,Fezandipiti,毒,妖精
#1017,厄鬼椪,オーガポン,Ogerpon,草,
#1018,鋁鋼橋龍,ブリジュラス,Archaludon,鋼,龍
#1019,蜜集大蛇,カミツオロチ,Hydrapple,草,龍
#1020,破空焰,ウガツホムラ,Gouging Fire,火,龍
#1021,猛雷鼓,タケルライコ,Raging Bolt,電,龍
#1022,鐵磐岩,テツノイワオ,Iron Boulder,岩石,超能力
#1023,鐵頭殼,テツノカシラ,Iron Crown,鋼,超能力
#1024,太樂巴戈斯,テラパゴス,Terapagos,一般,
#1025,桃歹郎,モモワロウ,Pecharunt,毒,幽靈
